{
  "accuracy": 0.9075412079618411,
  "macro_f1": 0.29429319391521763,
  "per_class_f1": {
    "N": 0.9516328792125677,
    "S": 0.010626992561105207,
    "V": 0.5092060978024153,
    "F": 0.0,
    "Q": 0.0
  }
}